{
  "train_loss": [
    0.45118232095046595,
    0.30774456047419707,
    0.28035523698483,
    0.2588122762744171,
    0.25009943198103535,
    0.15982961522574354,
    0.04856622682400341,
    0.03432928163237838,
    0.03514527685693192,
    0.030921146688421004
  ],
  "val_loss": [
    0.2187020756564168,
    0.1826596039874378,
    0.1840085057151872,
    0.15422952189579492,
    0.14064007996790862,
    0.05351834548926053,
    0.03671020292586741,
    0.041718644470038695,
    0.045876017731840926,
    0.027005872359118503
  ],
  "train_acc": [
    85.89945487583283,
    89.76377952755905,
    90.43004239854633,
    91.35675348273773,
    91.37492428831011,
    94.61538461538461,
    98.3403997577226,
    98.80072683222289,
    98.75832828588734,
    98.9884918231375
  ],
  "val_acc": [
    92.87790697674419,
    93.9437984496124,
    93.7984496124031,
    95.10658914728683,
    95.51841085271317,
    98.28003875968993,
    98.88565891472868,
    98.81298449612403,
    98.71608527131784,
    99.27325581395348
  ]
}